{
    "ROOMS": [
        {
            "Vertices": [
                -4.900000095367432,
                0.0,
                -3.299999952316284,
                -4.900000095367432,
                0.0,
                1.2000000476837159,
                -1.600000023841858,
                0.0,
                1.2000000476837159,
                -1.600000023841858,
                0.0,
                2.9000000953674318,
                0.20000000298023225,
                0.0,
                4.099999904632568,
                2.0,
                0.0,
                3.5,
                4.199999809265137,
                0.0,
                2.5999999046325685,
                3.5999999046325685,
                0.0,
                0.0,
                4.599999904632568,
                0.0,
                -1.2000000476837159,
                4.0,
                0.0,
                -2.200000047683716,
                2.0,
                0.0,
                -3.299999952316284,
                2.4000000953674318,
                0.0,
                -2.0,
                1.5,
                0.0,
                -2.0,
                1.5,
                0.0,
                -2.299999952316284,
                -3.799999952316284,
                0.0,
                -2.299999952316284,
                -3.799999952316284,
                0.0,
                -3.4000000953674318,
                -4.900000095367432,
                0.0,
                -3.4000000953674318
            ],
            "FlipWallNormals": false
        },
        {
            "Vertices": [
                -1.0,
                0.0,
                1.5,
                -1.0,
                0.0,
                1.399999976158142,
                -0.8999999761581421,
                0.0,
                1.2999999523162842,
                -0.800000011920929,
                0.0,
                1.2999999523162842,
                -0.699999988079071,
                0.0,
                1.399999976158142,
                -0.699999988079071,
                0.0,
                1.5,
                -0.800000011920929,
                0.0,
                1.600000023841858,
                -0.8999999761581421,
                0.0,
                1.600000023841858
            ],
            "FlipWallNormals": true
        },
        {
            "Vertices": [
                -3.5,
                0.0,
                3.299999952316284,
                -2.0,
                0.0,
                3.299999952316284,
                -2.0,
                0.0,
                1.2999999523162842,
                -3.5999999046325685,
                0.0,
                1.2999999523162842
            ],
            "FlipWallNormals": false
        }
    ],
    "DOORS": [
        {
            "Position": [
                0.2999999523162842,
                0.0,
                -2.299999952316284
            ],
            "Room": 0,
            "Vert1": 14,
            "Vert2": 13
        },
        {
            "Position": [
                -1.1000001430511475,
                0.0,
                -2.299999952316284
            ],
            "Room": 0,
            "Vert1": 14,
            "Vert2": 13
        }
    ]
}