{
    "ROOMS": [
        {
            "Vertices": [
                -6.900000095367432,
                0.0,
                1.2000000476837159,
                -6.900000095367432,
                0.0,
                -3.5999999046325685,
                -8.899999618530274,
                0.0,
                -3.5999999046325685,
                -8.899999618530274,
                0.0,
                5.400000095367432,
                -8.0,
                0.0,
                6.5,
                -0.8999999761581421,
                0.0,
                6.599999904632568,
                -0.8999999761581421,
                0.0,
                6.199999809265137,
                4.400000095367432,
                0.0,
                6.099999904632568,
                4.400000095367432,
                0.0,
                2.700000047683716,
                2.4000000953674318,
                0.0,
                2.700000047683716,
                2.4000000953674318,
                0.0,
                -1.7000000476837159,
                -2.5999999046325685,
                0.0,
                -1.7000000476837159,
                -2.5999999046325685,
                0.0,
                -0.10000000149011612,
                -1.5,
                0.0,
                -0.10000000149011612,
                -1.5,
                0.0,
                0.20000000298023225,
                -2.9000000953674318,
                0.0,
                0.20000000298023225,
                -2.9000000953674318,
                0.0,
                -6.599999904632568,
                -4.5,
                0.0,
                -6.599999904632568,
                -4.5,
                0.0,
                1.2000000476837159
            ],
            "FlipWallNormals": false
        } 
    ],
    "DOORS": [
        {
            "Position": [
                -0.7000000476837158,
                0.0,
                -1.7000000476837159
            ],
            "Room": 0,
            "Vert1": 11,
            "Vert2": 10
        },
        {
            "Position": [
                2.4000000953674318,
                0.0,
                -0.19667041301727296
            ],
            "Room": 0,
            "Vert1": 10,
            "Vert2": 9
        }
    ]
}