{
    "ROOMS": [
        {
            "Vertices": [
                -6.900000095367432,
                0.0,
                1.2000000476837159,
                -6.900000095367432,
                0.0,
                -3.5999999046325685,
                -8.899999618530274,
                0.0,
                -3.5999999046325685,
                -8.899999618530274,
                0.0,
                5.400000095367432,
                -8.0,
                0.0,
                6.5,
                -0.8999999761581421,
                0.0,
                6.599999904632568,
                -0.8999999761581421,
                0.0,
                6.199999809265137,
                4.400000095367432,
                0.0,
                6.099999904632568,
                4.400000095367432,
                0.0,
                2.700000047683716,
                2.4000000953674318,
                0.0,
                2.700000047683716,
                2.4000000953674318,
                0.0,
                -1.7000000476837159,
                -2.5999999046325685,
                0.0,
                -1.7000000476837159,
                -2.5999999046325685,
                0.0,
                -0.10000000149011612,
                -1.5,
                0.0,
                -0.10000000149011612,
                -1.5,
                0.0,
                0.20000000298023225,
                -2.9000000953674318,
                0.0,
                0.20000000298023225,
                -2.9000000953674318,
                0.0,
                -6.599999904632568,
                -4.5,
                0.0,
                -6.599999904632568,
                -4.5,
                0.0,
                1.2000000476837159
            ],
            "FlipWallNormals": false
        },
        {
            "Vertices": [
                -3.0,
                0.0,
                3.299999952316284,
                -2.799999952316284,
                0.0,
                3.299999952316284,
                -2.700000047683716,
                0.0,
                3.4000000953674318,
                -2.700000047683716,
                0.0,
                3.5999999046325685,
                -2.799999952316284,
                0.0,
                3.700000047683716,
                -3.0,
                0.0,
                3.700000047683716,
                -3.0999999046325685,
                0.0,
                3.5999999046325685,
                -3.0999999046325685,
                0.0,
                3.4000000953674318
            ],
            "FlipWallNormals": true
        },
        {
            "Vertices": [
                -5.099999904632568,
                0.0,
                3.5999999046325685,
                -5.099999904632568,
                0.0,
                3.4000000953674318,
                -5.0,
                0.0,
                3.299999952316284,
                -4.800000190734863,
                0.0,
                3.299999952316284,
                -4.699999809265137,
                0.0,
                3.4000000953674318,
                -4.699999809265137,
                0.0,
                3.5999999046325685,
                -4.800000190734863,
                0.0,
                3.700000047683716,
                -5.0,
                0.0,
                3.700000047683716
            ],
            "FlipWallNormals": true
        },
        {
            "Vertices": [
                -8.899999618530274,
                0.0,
                -8.199999809265137,
                -8.899999618530274,
                0.0,
                -3.700000047683716,
                -6.900000095367432,
                0.0,
                -3.700000047683716,
                -6.900000095367432,
                0.0,
                -8.199999809265137
            ],
            "FlipWallNormals": false
        }
    ],
    "DOORS": [
        {
            "Position": [
                -1.2000000476837159,
                0.0,
                -1.7000000476837159
            ],
            "Room": 0,
            "Vert1": 0,
            "Vert2": 0
        },
        {
            "Position": [
                2.4000000953674318,
                0.0,
                1.1920928955078126e-7
            ],
            "Room": 0,
            "Vert1": 0,
            "Vert2": 0
        }
    ]
}