{
    "ROOMS": [
        {
            "Vertices": [
                -7.0,
                0.0,
                1.2000000476837159,
                -7.0,
                0.0,
                -3.5999999046325685,
                -8.800000190734864,
                0.0,
                -3.5999999046325685,
                -8.800000190734864,
                0.0,
                5.400000095367432,
                -8.0,
                0.0,
                6.599999904632568,
                -0.8999999761581421,
                0.0,
                6.599999904632568,
                -0.8999999761581421,
                0.0,
                6.199999809265137,
                4.400000095367432,
                0.0,
                6.199999809265137,
                4.400000095367432,
                0.0,
                2.700000047683716,
                2.4000000953674318,
                0.0,
                2.700000047683716,
                2.4000000953674318,
                0.0,
                -1.7000000476837159,
                -2.5999999046325685,
                0.0,
                -1.7000000476837159,
                -2.5999999046325685,
                0.0,
                -0.10000000149011612,
                -1.5,
                0.0,
                -0.10000000149011612,
                -1.5,
                0.0,
                0.20000000298023225,
                -2.9000000953674318,
                0.0,
                0.20000000298023225,
                -2.9000000953674318,
                0.0,
                -6.599999904632568,
                -4.5,
                0.0,
                -6.599999904632568,
                -4.5,
                0.0,
                1.2000000476837159
            ],
            "FlipWallNormals": false
        },
        {
            "Vertices": [
                -3.0,
                0.0,
                3.299999952316284,
                -2.799999952316284,
                0.0,
                3.299999952316284,
                -2.700000047683716,
                0.0,
                3.4000000953674318,
                -2.700000047683716,
                0.0,
                3.5999999046325685,
                -2.799999952316284,
                0.0,
                3.700000047683716,
                -3.0,
                0.0,
                3.700000047683716,
                -3.0999999046325685,
                0.0,
                3.5999999046325685,
                -3.0999999046325685,
                0.0,
                3.4000000953674318
            ],
            "FlipWallNormals": true
        },
        {
            "Vertices": [
                -5.099999904632568,
                0.0,
                3.5999999046325685,
                -5.099999904632568,
                0.0,
                3.4000000953674318,
                -5.0,
                0.0,
                3.299999952316284,
                -4.800000190734863,
                0.0,
                3.299999952316284,
                -4.699999809265137,
                0.0,
                3.4000000953674318,
                -4.699999809265137,
                0.0,
                3.5999999046325685,
                -4.800000190734863,
                0.0,
                3.700000047683716,
                -5.0,
                0.0,
                3.700000047683716
            ],
            "FlipWallNormals": true
        },
        {
            "Vertices": [
                -8.899999618530274,
                0.0,
                -6.400000095367432,
                -8.899999618530274,
                0.0,
                -3.700000047683716,
                -6.900000095367432,
                0.0,
                -3.700000047683716,
                -6.900000095367432,
                0.0,
                -6.400000095367432
            ],
            "FlipWallNormals": false
        },
        {
            "Vertices": [
                3.5,
                0.0,
                -3.9000000953674318,
                2.5,
                0.0,
                -3.9000000953674318,
                2.5,
                0.0,
                2.0999999046325685,
                3.9000000953674318,
                0.0,
                2.0999999046325685,
                3.9000000953674318,
                0.0,
                -3.5
            ],
            "FlipWallNormals": false
        },
        {
            "Vertices": [
                -2.799999952316284,
                0.0,
                -3.700000047683716,
                -2.799999952316284,
                0.0,
                -2.0999999046325685,
                2.4000000953674318,
                0.0,
                -2.0999999046325685,
                2.4000000953674318,
                0.0,
                -3.700000047683716
            ],
            "FlipWallNormals": false
        },
        {
            "Vertices": [
                -8.600000381469727,
                0.0,
                6.699999809265137,
                0.699999988079071,
                0.0,
                6.699999809265137,
                0.699999988079071,
                0.0,
                6.300000190734863,
                5.199999809265137,
                0.0,
                6.300000190734863,
                5.199999809265137,
                0.0,
                8.399999618530274,
                -8.600000381469727,
                0.0,
                8.399999618530274
            ],
            "FlipWallNormals": false
        },
        {
            "Vertices": [
                -6.800000190734863,
                0.0,
                -4.199999809265137,
                -4.599999904632568,
                0.0,
                -4.199999809265137,
                -4.599999904632568,
                0.0,
                -5.800000190734863,
                -6.800000190734863,
                0.0,
                -5.800000190734863
            ],
            "FlipWallNormals": false
        },
        {
            "Vertices": [
                -0.800000011920929,
                0.0,
                4.5,
                -0.800000011920929,
                0.0,
                4.099999904632568,
                0.4000000059604645,
                0.0,
                2.9000000953674318,
                0.800000011920929,
                0.0,
                2.9000000953674318,
                0.800000011920929,
                0.0,
                4.5
            ],
            "FlipWallNormals": true
        },
        {
            "Vertices": [
                -6.099999904632568,
                0.0,
                2.799999952316284,
                -6.099999904632568,
                0.0,
                5.400000095367432,
                -6.300000190734863,
                0.0,
                2.9000000953674318,
                -6.900000095367432,
                0.0,
                2.5999999046325685,
                -6.099999904632568,
                0.0,
                2.5999999046325685
            ],
            "FlipWallNormals": true
        },
        {
            "Vertices": [
                0.699999988079071,
                0.0,
                3.0,
                0.4000000059604645,
                0.0,
                3.0,
                -0.699999988079071,
                0.0,
                4.199999809265137,
                -0.699999988079071,
                0.0,
                4.400000095367432,
                0.699999988079071,
                0.0,
                4.400000095367432
            ],
            "FlipWallNormals": false
        }
    ],
    "DOORS": [
        {
            "Position": [
                2.4000000953674318,
                0.0,
                0.20262980461120606
            ],
            "Room": 0,
            "Vert1": 10,
            "Vert2": 9
        },
        {
            "Position": [
                -2.799999952316284,
                0.0,
                -2.9020824432373049
            ],